,0
0,these
1,personal
2,were
3,children
4,works
5,years
6,on
7,seen
8,published
9,company
10,s
11,subject
12,two
13,father
14,low
15,civil
16,therefore
17,government
18,member
19,theory
20,largest
21,army
22,large
23,a
24,great
25,until
26,continued
27,thought
28,probably
29,population
30,control
31,thus
32,early
33,son
34,the
35,church
36,jewish
37,from
38,fact
39,said
40,we
41,several
42,typically
43,six
44,true
45,includes
46,press
47,culture
48,books
49,same
50,popular
51,film
52,state
53,include
54,family
55,religious
56,actually
57,make
58,held
59,less
60,would
61,education
62,having
63,international
64,museum
65,hand
66,local
67,sense
68,data
69,native
70,person
71,significant
72,without
73,independence
74,us
75,site
76,terms
77,center
78,alexander
79,space
80,times
81,practice
82,art
83,north
84,president
85,or
86,support
87,australia
88,either
89,former
90,generally
91,that
92,george
93,only
94,complete
95,available
96,present
97,despite
98,above
99,how
100,west
101,links
102,system
103,united
104,old
105,left
106,india
107,involved
108,find
109,power
110,along
111,japanese
112,little
113,college
114,developed
115,to
116,what
117,famous
118,federal
119,events
120,when
121,book
122,its
123,at
124,had
125,found
126,nine
127,life
128,parts
129,might
130,article
131,com
132,force
133,whether
134,be
135,areas
136,recent
137,association
138,movement
139,uses
140,first
141,seven
142,claim
143,as
144,studies
145,traditional
146,series
147,u
148,total
149,some
150,through
151,common
152,word
153,cannot
154,main
155,christian
156,influence
157,death
158,been
159,philosophy
160,see
161,her
162,under
163,idea
164,coast
165,last
166,located
167,community
168,best
169,give
170,together
171,due
172,technology
173,small
174,history
175,referred
176,of
177,sometimes
178,so
179,source
180,military
181,east
182,middle
183,among
184,can
185,latin
186,wrote
187,eventually
188,god
189,trade
190,films
191,europe
192,soviet
193,states
194,out
195,western
196,five
197,m
198,was
199,other
200,oil
201,greater
202,than
203,formed
204,born
205,believed
206,jews
207,being
208,king
209,free
210,may
211,now
212,use
213,for
214,man
215,lost
216,music
217,non
218,between
219,attempt
220,such
221,himself
222,development
223,towards
224,come
225,law
226,during
227,southern
228,knowledge
229,themselves
230,living
231,position
232,way
233,x
234,ball
235,considered
236,major
237,religion
238,republic
239,them
240,there
241,not
242,according
243,never
244,c
245,our
246,others
247,black
248,she
249,usually
250,result
251,taken
252,should
253,certain
254,have
255,least
256,based
257,words
258,al
259,production
260,central
261,instead
262,over
263,won
264,this
265,bc
266,rule
267,analysis
268,well
269,writing
270,high
271,field
272,century
273,act
274,image
275,york
276,short
277,those
278,features
279,must
280,project
281,often
282,after
283,service
284,systems
285,computer
286,island
287,co
288,three
289,university
290,february
291,country
292,will
293,o
294,show
295,river
296,b
297,take
298,area
299,help
300,various
301,cause
302,off
303,named
304,football
305,because
306,before
307,against
308,point
309,rather
310,i
311,march
312,general
313,air
314,months
315,every
316,league
317,public
318,they
319,led
320,but
321,story
322,characters
323,own
324,specific
325,has
326,another
327,his
328,much
329,food
330,islands
331,original
332,l
333,k
334,case
335,lead
336,group
337,good
338,commonly
339,house
340,economy
341,april
342,eastern
343,territory
344,still
345,rights
346,if
347,their
348,head
349,written
350,union
351,it
352,list
353,all
354,political
355,end
356,method
357,canada
358,within
359,particularly
360,name
361,throughout
362,began
363,change
364,saw
365,level
366,described
367,today
368,and
369,across
370,information
371,final
372,many
373,things
374,called
375,an
376,american
377,th
378,does
379,n
380,post
381,de
382,relatively
383,important
384,set
385,him
386,defined
387,nations
388,language
389,f
390,long
391,letter
392,in
393,nature
394,divided
395,isbn
396,working
397,interest
398,both
399,english
400,office
401,party
402,almost
403,meaning
404,open
405,created
406,british
407,research
408,around
409,like
410,individual
411,given
412,outside
413,year
414,base
415,back
416,using
417,itself
418,you
419,character
420,play
421,believe
422,whose
423,john
424,action
425,social
426,december
427,surface
428,lower
429,online
430,past
431,form
432,one
433,means
434,similar
435,especially
436,including
437,human
438,men
439,capital
440,external
441,later
442,just
443,anti
444,england
445,highly
446,particular
447,into
448,possible
449,scientific
450,election
451,number
452,although
453,class
454,france
455,term
456,then
457,by
458,higher
459,january
460,ever
461,robert
462,africa
463,people
464,are
465,any
466,references
467,with
468,more
469,upon
470,young
471,natural
472,society
473,associated
474,french
475,which
476,languages
477,could
478,down
479,nearly
480,economic
481,g
482,j
483,note
484,america
485,re
486,work
487,do
488,since
489,ancient
490,historical
491,earlier
492,able
493,different
494,eight
495,home
496,no
497,earth
498,four
499,below
500,mother
501,german
502,became
503,d
504,cities
505,members
506,though
507,july
508,also
509,few
510,material
511,about
512,team
513,brought
514,animals
515,always
516,modern
517,world
518,sea
519,order
520,he
521,court
522,makes
523,industry
524,better
525,song
526,t
527,official
528,current
529,ground
530,period
531,william
532,simply
533,next
534,national
535,problems
536,my
537,forms
538,greek
539,used
540,war
541,battle
542,energy
543,points
544,did
545,land
546,each
547,physical
548,foreign
549,second
550,empire
551,late
552,taking
553,etc
554,who
555,chemical
556,version
557,science
558,made
559,single
560,age
561,european
562,day
563,become
564,took
565,australian
566,line
567,section
568,say
569,part
570,new
571,however
572,aircraft
573,spanish
574,effect
575,related
576,player
577,gave
578,letters
579,countries
580,roman
581,cultural
582,city
583,known
584,away
585,strong
586,self
587,south
588,up
589,time
590,real
591,followed
592,making
593,study
594,zero
595,far
596,asia
597,founded
598,most
599,where
600,style
601,even
602,appears
603,put
604,remains
605,further
606,body
607,kingdom
608,is
609,school
610,northern
611,african
612,place
613,role
614,while
615,very
616,right
617,h
618,view
619,following
620,e
621,established
622,groups
623,white
624,example
